timestamp,date_GMT,status,home_team_name,away_team_name,referee,Game Week,Pre-Match PPG (Home),Pre-Match PPG (Away),home_ppg,away_ppg,home_team_goal_count,away_team_goal_count,total_goal_count,total_goals_at_half_time,home_team_goal_count_half_time,away_team_goal_count_half_time,home_team_goal_timings,away_team_goal_timings,home_team_corner_count,away_team_corner_count,home_team_yellow_cards,home_team_red_cards,away_team_yellow_cards,away_team_red_cards,home_team_first_half_cards,home_team_second_half_cards,away_team_first_half_cards,away_team_second_half_cards,home_team_shots,away_team_shots,home_team_shots_on_target,away_team_shots_on_target,home_team_shots_off_target,away_team_shots_off_target,home_team_fouls,away_team_fouls,home_team_possession,away_team_possession,Home Team Pre-Match xG,Away Team Pre-Match xG,team_a_xg,team_b_xg,average_goals_per_match_pre_match,btts_percentage_pre_match,over_15_percentage_pre_match,over_25_percentage_pre_match,over_35_percentage_pre_match,over_45_percentage_pre_match,over_15_HT_FHG_percentage_pre_match,over_05_HT_FHG_percentage_pre_match,over_15_2HG_percentage_pre_match,over_05_2HG_percentage_pre_match,average_corners_per_match_pre_match,average_cards_per_match_pre_match,odds_ft_home_team_win,odds_ft_draw,odds_ft_away_team_win,odds_ft_over15,odds_ft_over25,odds_ft_over35,odds_ft_over45,odds_btts_yes,odds_btts_no,stadium_name,league,FTR,home_team_form,away_team_form,head_to_head
1691503200,Aug 08 2023 - 2:00pm,complete,Astana,Ludogorets,Horațiu Mircea Fesnic,,0.0,0.0,1.5,1.5,2,1,3,2,1,1,"40,53",34,5,7,3,0,2,0,0,3,0,2,13,10,9,6,4,4,11,13,50,50,0.0,0.0,1.92,1.46,0.0,0,0,0,0,0,0,0,0,0,0.0,0.0,2.75,3.2,2.6,1.38,2.4,3.8,7.75,1.91,1.8,Astana Arena (Astana),UEFA Europa League,0,0.2,0.2,"{'home_wins': 1, 'away_wins': 0, 'draws': 0}"
1691683200,Aug 10 2023 - 4:00pm,complete,Qarabağ,HJK,Roei Reinshreiber,,0.0,0.0,2.0,0.0,2,1,3,0,0,0,"55,85",77,9,2,0,0,1,0,0,0,1,0,17,10,5,8,12,2,9,6,59,41,0.0,0.0,1.98,1.49,0.0,0,0,0,0,0,0,0,0,0,0.0,0.0,1.67,4.05,5.89,1.3,1.93,3.2,6.25,2.34,1.53,Tofiq Bəhramov adına Respublika stadionu (Bakı (Baku)),UEFA Europa League,0,0.5333333333333333,0.0,"{'home_wins': 1, 'away_wins': 1, 'draws': 0}"
1691683200,Aug 10 2023 - 4:00pm,complete,Žalgiris,Häcken,Mykola Balakin,,0.0,0.0,0.0,1.25,1,3,4,1,0,1,85,"38,47,70",3,4,1,0,3,0,0,1,0,3,15,16,8,5,7,11,7,8,49,51,0.0,0.0,2.06,1.95,0.0,0,0,0,0,0,0,0,0,0,0.0,0.0,2.97,3.47,2.57,1.33,1.98,3.5,6.75,1.74,1.98,Vilniaus LFF stadionas (Vilnius),UEFA Europa League,1,0.0,0.3333333333333333,"{'home_wins': 0, 'away_wins': 0, 'draws': 0}"
1691686800,Aug 10 2023 - 5:00pm,complete,Sheriff,BATE,Mohammed Al Hakim,,0.0,0.0,1.13,0.5,5,1,6,2,2,0,"12,32,47,90'3,90'8",50,3,4,1,0,0,0,0,1,0,0,16,8,8,2,8,6,8,7,57,43,0.0,0.0,2.17,0.99,0.0,0,0,0,0,0,0,0,0,0,0.0,0.0,1.57,4.0,6.0,1.34,1.73,3.58,7.18,2.0,1.73,Bolshaya Sportivnaya Arena (Tiraspol),UEFA Europa League,0,0.5333333333333333,0.06666666666666667,"{'home_wins': 1, 'away_wins': 0, 'draws': 1}"
1691686800,Aug 10 2023 - 5:00pm,complete,Slavia Praha,Dnipro-1,Lawrence Visser,,0.0,0.0,2.0,0.5,3,0,3,2,2,0,"5,38,81",,9,2,1,1,5,0,0,2,1,4,13,4,7,2,6,2,10,12,50,50,0.0,0.0,1.79,0.64,0.0,0,0,0,0,0,0,0,0,0,0.0,0.0,1.47,4.4,6.5,1.22,1.73,2.65,4.75,1.88,1.8,Fortuna Arena (Praha),UEFA Europa League,0,0.8666666666666667,0.06666666666666667,"{'home_wins': 1, 'away_wins': 0, 'draws': 1}"
1691694000,Aug 10 2023 - 7:00pm,complete,Zrinjski,Breidablik,Nick Walsh,,0.0,0.0,1.0,1.5,6,2,8,5,5,0,"2,21,30,33,40,55","64,74",8,1,2,0,1,1,0,2,2,0,27,6,14,4,13,2,11,9,61,39,0.0,0.0,3.42,1.0,0.0,0,0,0,0,0,0,0,0,0,0.0,0.0,2.1,3.25,3.6,1.33,2.06,3.5,7.0,1.95,1.73,Stadion Bijeli Brijeg (Mostar),UEFA Europa League,0,0.26666666666666666,0.2,"{'home_wins': 1, 'away_wins': 0, 'draws': 0}"
1691694000,Aug 10 2023 - 7:00pm,complete,Olympiakos Piraeus,KRC Genk,Glenn Nyberg,,0.0,0.0,1.75,0.5,1,0,1,1,1,0,1,,2,3,3,0,2,0,2,1,1,1,9,9,6,4,3,5,17,14,46,54,0.0,0.0,1.4,1.4,0.0,0,0,0,0,0,0,0,0,0,0.0,0.0,1.93,3.6,3.8,1.3,2.04,3.25,6.25,1.72,2.0,Stadio Georgios Karaiskáki (Pireás (Piraeus)),UEFA Europa League,0,0.6666666666666666,0.06666666666666667,"{'home_wins': 1, 'away_wins': 0, 'draws': 1}"
1692288000,Aug 17 2023 - 4:00pm,complete,HJK,Qarabağ,Willy Delajod,,0.0,3.0,0.0,2.0,1,2,3,2,1,1,10,"45'3,55",3,4,3,1,2,0,3,1,0,2,5,10,2,5,3,5,14,10,38,62,0.0,0.0,0.66,1.32,3.0,100,100,100,0,0,0,0,100,100,11.0,1.0,2.9,3.3,2.35,1.29,1.83,3.1,6.0,1.71,2.02,Bolt Arena (Helsinki),UEFA Europa League,1,0.0,0.5333333333333333,"{'home_wins': 0, 'away_wins': 0, 'draws': 0}"
1692291600,Aug 17 2023 - 5:00pm,complete,Häcken,Žalgiris,António Emanuel Carvalho Nobre,,3.0,0.0,1.25,0.0,5,0,5,1,1,0,"28,56,63,73,90'2",,12,4,1,0,2,1,0,1,1,2,15,5,12,3,3,2,8,13,55,45,0.0,0.0,2.41,1.01,4.0,100,100,100,100,0,0,100,100,100,7.0,4.0,1.54,4.3,5.95,1.2,1.71,2.45,4.33,1.78,1.93,Bravida Arena (Göteborg),UEFA Europa League,0,0.3333333333333333,0.0,"{'home_wins': 1, 'away_wins': 1, 'draws': 0}"
1692293400,Aug 17 2023 - 5:30pm,complete,Breidablik,Zrinjski,Anastasios Papapetrou,,0.0,3.0,1.5,1.0,1,0,1,0,0,0,55,,3,4,1,0,2,0,0,1,1,1,8,6,3,2,5,4,12,12,63,37,0.0,0.0,1.24,0.9,8.0,100,100,100,100,100,100,100,100,100,9.0,4.0,2.59,3.58,2.6,1.17,1.58,2.2,3.8,1.46,2.52,Kópavogsvöllur (Kópavogur),UEFA Europa League,0,0.2,0.26666666666666666,"{'home_wins': 1, 'away_wins': 0, 'draws': 0}"
1692295200,Aug 17 2023 - 6:00pm,complete,KRC Genk,Olympiakos Piraeus,Tobias Stieler,,0.0,3.0,0.5,1.75,1,1,2,1,1,0,30,90'5,2,3,1,1,7,1,0,2,1,7,5,5,3,5,2,0,12,16,56,44,0.0,0.0,0.9,0.9,1.0,0,0,0,0,0,0,100,0,0,5.0,5.0,1.82,3.7,4.35,1.27,1.88,3.0,5.75,1.75,1.96,Cegeka Arena (Genk),UEFA Europa League,1,0.06666666666666667,0.6666666666666666,"{'home_wins': 0, 'away_wins': 0, 'draws': 1}"
1692295200,Aug 17 2023 - 6:00pm,complete,Ludogorets,Astana,Anthony Taylor,,0.0,3.0,1.5,1.5,5,1,6,2,1,1,"25,47,50,58,67",29,3,1,1,0,3,1,0,1,3,1,24,5,13,4,11,1,10,11,59,41,0.0,0.0,2.97,1.0,3.0,100,100,100,0,0,100,100,0,100,12.0,5.0,1.72,3.75,5.0,1.24,1.9,2.98,5.55,1.89,1.81,Huvepharma Arena (Razgrad),UEFA Europa League,0,0.2,0.2,"{'home_wins': 1, 'away_wins': 0, 'draws': 0}"
1692295200,Aug 17 2023 - 6:00pm,complete,BATE,Sheriff,Tamás Bognár,,0.0,3.0,0.5,1.13,2,2,4,3,1,2,"25,90'4","40,45'2",5,2,5,0,2,0,2,3,2,0,9,10,4,3,5,7,13,8,53,47,0.0,0.0,1.16,1.18,6.0,100,100,100,100,100,100,100,100,100,7.0,1.0,2.88,3.68,2.32,1.26,1.9,2.95,5.5,1.63,2.22,Borisov Arena (Barysaw (Borisov)),UEFA Europa League,1,0.06666666666666667,0.5333333333333333,"{'home_wins': 0, 'away_wins': 0, 'draws': 1}"
1692295200,Aug 17 2023 - 6:00pm,complete,Dnipro-1,Slavia Praha,Jesús Gil Manzano,,0.0,3.0,0.5,2.0,1,1,2,1,1,0,45'1,52,3,7,2,0,0,0,1,1,0,0,7,14,5,6,2,8,13,13,43,57,0.0,0.0,1.15,1.87,3.0,0,100,100,0,0,100,100,0,100,11.0,8.0,3.97,3.7,1.9,1.27,1.63,3.0,5.75,1.79,1.98,Košická futbalová aréna (Košice),UEFA Europa League,1,0.06666666666666667,0.8666666666666667,"{'home_wins': 0, 'away_wins': 0, 'draws': 1}"
1692896400,Aug 24 2023 - 5:00pm,complete,Slavia Praha,Zorya,Kristo Tohver,,2.0,0.0,2.0,1.5,2,0,2,0,0,0,"81,90'4",,9,2,0,0,5,0,0,0,2,3,24,6,11,2,13,4,9,12,65,35,1.79,0.0,2.99,0.74,1.25,25,50,25,0,0,25,50,0,50,8.0,1.5,1.28,4.75,8.5,1.18,1.53,2.18,3.5,1.83,1.83,Fortuna Arena (Praha),UEFA Europa League,0,0.8666666666666667,0.2,"{'home_wins': 1, 'away_wins': 0, 'draws': 0}"
1692896400,Aug 24 2023 - 5:00pm,complete,Häcken,Aberdeen,Filip Glova,,3.0,0.0,1.25,0.5,2,2,4,1,1,0,"36,69","75,79",5,8,1,1,2,0,0,2,2,0,16,12,8,6,8,6,12,10,55,45,2.41,0.0,1.93,1.49,2.25,25,50,50,50,25,0,50,50,50,8.0,2.0,1.85,3.4,3.5,1.2,1.6,2.55,4.5,1.62,2.2,Bravida Arena (Göteborg),UEFA Europa League,1,0.3333333333333333,0.0,"{'home_wins': 0, 'away_wins': 1, 'draws': 1}"
1692900000,Aug 24 2023 - 6:00pm,complete,Ludogorets,Ajax,Marco Di Bello,,1.5,0.0,1.5,0.83,1,4,5,3,0,3,70,"16,18,40,50",4,2,0,0,1,0,0,0,0,1,9,5,5,5,4,0,7,14,47,53,2.97,0.0,1.18,0.86,2.25,50,50,50,25,25,50,50,25,50,5.0,1.5,4.2,3.6,1.67,1.16,1.53,2.34,4.3,1.57,2.25,Huvepharma Arena (Razgrad),UEFA Europa League,1,0.2,0.13333333333333333,"{'home_wins': 0, 'away_wins': 1, 'draws': 0}"
1692900000,Aug 24 2023 - 6:00pm,complete,Olimpija,Qarabağ,Georgi Kabakov,,0.0,3.0,0.5,2.0,0,2,2,2,0,2,,"32,44",3,7,4,1,2,0,2,3,1,1,13,11,6,8,7,3,12,9,52,48,0.0,1.32,1.88,1.89,1.5,50,50,50,0,0,25,25,25,50,6.5,1.0,2.62,3.0,2.45,1.32,2.0,3.5,7.5,1.8,1.91,Stadion Stožice (Ljubljana),UEFA Europa League,1,0.0,0.5333333333333333,"{'home_wins': 0, 'away_wins': 0, 'draws': 1}"
1692900000,Aug 24 2023 - 6:00pm,complete,Dinamo Zagreb,Sparta Praha,Marco Guida,,0.0,0.0,1.5,1.17,3,1,4,2,1,1,"44,58,61",39,1,4,1,0,1,0,1,0,0,1,15,7,6,5,9,2,12,9,55,45,0.0,0.0,1.65,1.15,0.0,0,0,0,0,0,0,0,0,0,0.0,0.0,2.05,3.0,3.4,1.34,2.1,3.65,7.2,1.87,1.89,Stadion Maksimir (Zagreb),UEFA Europa League,0,0.2,0.5333333333333333,"{'home_wins': 1, 'away_wins': 0, 'draws': 0}"
1692901800,Aug 24 2023 - 6:30pm,complete,Union Saint-Gilloise,Lugano,Enea Jorgji,,0.0,0.0,1.67,0.0,2,0,2,1,1,0,"8,71",,4,3,3,0,1,0,1,2,0,1,14,11,7,7,7,4,17,10,43,57,0.0,0.0,1.67,1.51,0.0,0,0,0,0,0,0,0,0,0,0.0,0.0,1.59,4.2,5.5,1.15,1.76,2.4,4.3,1.67,2.1,Lotto Park (Bruxelles (Brussel)),UEFA Europa League,0,0.5333333333333333,0.0,"{'home_wins': 1, 'away_wins': 1, 'draws': 0}"
1692901800,Aug 24 2023 - 6:30pm,complete,Slovan Bratislava,Aris,William Collum,,0.0,0.0,1.5,1.0,2,1,3,1,1,0,"34,57",73,6,3,6,0,5,0,2,4,0,5,11,10,7,6,4,4,14,14,54,46,0.0,0.0,1.7,1.46,0.0,0,0,0,0,0,0,0,0,0,0.0,0.0,2.38,3.2,3.1,1.39,2.18,3.98,8.05,1.83,1.83,Štadión Tehelné pole (Bratislava),UEFA Europa League,0,0.2,0.4666666666666667,"{'home_wins': 1, 'away_wins': 0, 'draws': 0}"
1692902700,Aug 24 2023 - 6:45pm,complete,KÍ,Sheriff,Rade Obrenović,,0.0,2.0,0.5,1.13,1,1,2,0,0,0,52,73,3,8,0,0,0,0,0,0,0,0,10,9,7,3,3,6,5,5,52,48,0.0,1.18,1.74,1.54,2.5,50,50,50,50,25,50,50,25,50,2.5,1.5,3.6,3.2,2.15,1.35,2.4,3.6,6.7,1.83,1.83,Tórsvøllur (Tórshavn- Streymoy),UEFA Europa League,1,0.06666666666666667,0.5333333333333333,"{'home_wins': 0, 'away_wins': 0, 'draws': 1}"
1692903600,Aug 24 2023 - 7:00pm,complete,Olympiakos Piraeus,Čukarički,Donatas Rumšas,,2.0,0.0,1.75,0.0,3,1,4,3,3,0,"3,15,40",90'3,6,1,2,0,1,0,0,2,0,1,17,6,13,3,4,3,11,16,65,35,1.4,0.0,2.68,0.94,0.75,25,25,0,0,0,0,50,0,25,2.5,5.5,1.36,4.2,7.5,1.28,1.75,3.3,5.2,2.5,1.5,Stadio Georgios Karaiskáki (Pireás (Piraeus)),UEFA Europa League,0,0.6666666666666666,0.0,"{'home_wins': 1, 'away_wins': 1, 'draws': 0}"
1692903600,Aug 24 2023 - 7:00pm,complete,LASK Linz,Zrinjski,Orel Grinfeeld,,0.0,1.5,1.17,1.0,2,1,3,2,2,0,"4,12",71,4,0,2,0,0,0,1,1,0,0,7,5,4,2,3,3,22,8,62,38,0.0,0.9,1.09,0.64,2.25,25,25,25,25,25,25,25,25,50,6.0,2.0,1.77,3.8,4.33,1.18,1.77,2.57,4.55,1.73,2.0,Raiffeisen Arena (Linz),UEFA Europa League,0,0.4666666666666667,0.26666666666666666,"{'home_wins': 1, 'away_wins': 0, 'draws': 1}"
1693497600,Aug 31 2023 - 4:00pm,complete,Qarabağ,Olimpija,Alejandro José Hernández Hernández,,3.0,0.0,2.0,0.5,1,1,2,2,1,1,24,36,7,4,4,0,5,0,2,2,3,2,7,7,2,4,5,3,15,12,52,48,1.98,0.0,1.34,1.42,2.34,34,100,34,0,0,84,84,17,34,9.67,6.33,1.62,3.65,4.35,1.28,1.75,3.0,5.75,1.85,1.85,Tofiq Bəhramov adına Respublika stadionu (Bakı (Baku)),UEFA Europa League,1,0.5333333333333333,0.0,"{'home_wins': 0, 'away_wins': 1, 'draws': 1}"
1693501200,Aug 31 2023 - 5:00pm,complete,Aris,Slovan Bratislava,Erik Lambrechts,,0.0,3.0,1.0,1.5,6,2,8,4,3,1,"21,24,45'7,51,66,72","37,88",2,1,1,0,3,0,0,1,2,1,19,9,14,6,5,3,13,14,58,42,0.0,0.0,2.63,1.33,3.0,100,100,100,0,0,0,100,100,100,9.0,11.0,1.8,3.6,4.33,1.3,2.0,3.5,6.5,1.83,1.83,Alphamega Stadium (Kolossi),UEFA Europa League,0,0.4666666666666667,0.2,"{'home_wins': 1, 'away_wins': 0, 'draws': 0}"
1693501200,Aug 31 2023 - 5:00pm,complete,Zorya,Slavia Praha,Jérôme Brisard,,0.0,2.33,1.5,2.0,2,1,3,2,2,0,"32,41",83,1,11,1,0,0,0,1,0,0,0,6,12,5,7,1,5,11,13,38,62,0.0,1.87,0.92,1.99,2.17,17,100,17,0,0,17,34,67,100,10.33,6.0,6.5,4.5,1.47,1.22,1.66,2.65,4.75,1.87,1.8,Arena Lublin (Lublin),UEFA Europa League,0,0.2,0.8666666666666667,"{'home_wins': 1, 'away_wins': 0, 'draws': 0}"
1693501200,Aug 31 2023 - 5:00pm,complete,Sheriff,KÍ,Halil Umut Meler,,1.67,1.0,1.13,0.5,2,1,3,2,1,1,"16,74",34,6,7,5,0,4,0,1,4,1,3,14,8,4,6,10,2,12,8,51,49,2.17,0.0,1.73,1.33,3.0,100,100,34,34,17,34,34,84,100,7.33,1.0,1.44,4.5,7.0,1.24,1.75,2.75,5.0,1.98,1.73,Bolshaya Sportivnaya Arena (Tiraspol),UEFA Europa League,0,0.5333333333333333,0.06666666666666667,"{'home_wins': 1, 'away_wins': 0, 'draws': 1}"
1693501200,Aug 31 2023 - 5:00pm,complete,Sparta Praha,Dinamo Zagreb,Tobias Stieler,,0.0,3.0,1.17,1.5,4,1,5,2,2,0,"2,24,67,87",71,3,1,2,0,1,0,0,2,1,0,10,10,3,5,7,5,9,10,51,49,0.0,0.0,0.0,0.0,4.0,100,100,100,100,0,100,100,100,100,5.0,2.0,1.9,3.75,3.75,1.3,1.9,3.2,6.25,1.75,1.95,epet ARENA (Praha),UEFA Europa League,0,0.5333333333333333,0.2,"{'home_wins': 1, 'away_wins': 0, 'draws': 0}"
1693504800,Aug 31 2023 - 6:00pm,complete,Čukarički,Olympiakos Piraeus,Danny Makkelie,,0.0,2.33,0.0,1.75,0,3,3,2,0,2,,"34,45,52",2,9,1,0,0,0,1,0,0,0,3,25,2,9,1,16,9,7,30,70,0.0,0.9,0.52,2.68,3.17,84,84,67,67,0,67,100,0,84,4.67,5.33,5.0,4.0,1.66,1.25,1.8,2.94,5.5,1.8,1.9,Gradski stadion Dubočica (Leskovac),UEFA Europa League,1,0.0,0.6666666666666666,"{'home_wins': 0, 'away_wins': 0, 'draws': 0}"
1693504800,Aug 31 2023 - 6:00pm,complete,Ajax,Ludogorets,Ivan Kružliak,,3.0,1.0,0.83,1.5,0,1,1,0,0,0,,62,1,0,3,0,2,0,1,2,0,2,6,7,3,2,3,5,17,17,55,45,0.0,1.46,1.01,0.74,4.84,100,100,100,84,84,100,100,84,100,6.67,2.0,1.2,7.5,11.0,1.12,1.38,1.91,3.15,1.78,1.95,Johan Cruijff Arena (Amsterdam),UEFA Europa League,1,0.13333333333333333,0.2,"{'home_wins': 0, 'away_wins': 1, 'draws': 0}"
1693506600,Aug 31 2023 - 6:30pm,complete,Lugano,Union Saint-Gilloise,Harm Osmers,,0.0,3.0,0.0,1.67,0,1,1,1,0,1,,6,4,5,2,1,1,0,2,1,1,0,7,15,3,7,4,8,10,17,56,44,0.0,0.0,0.96,1.78,2.0,0,100,0,0,0,0,100,0,100,7.0,4.0,2.6,3.4,2.6,1.26,1.83,3.02,5.7,1.65,2.15,Stade de Genève (Lancy),UEFA Europa League,1,0.0,0.5333333333333333,"{'home_wins': 0, 'away_wins': 0, 'draws': 0}"
1693507500,Aug 31 2023 - 6:45pm,complete,Aberdeen,Häcken,Daniel Siebert,,1.0,2.33,0.5,1.25,1,3,4,2,0,2,55,"14,41,81",11,5,3,0,2,0,0,3,1,1,16,12,6,8,10,4,11,9,48,52,0.0,1.95,1.9,1.6,4.17,84,100,100,100,17,0,100,100,100,15.0,4.0,2.55,3.4,2.7,1.22,1.75,2.6,4.6,1.57,2.2,Pittodrie Stadium (Aberdeen),UEFA Europa League,1,0.0,0.3333333333333333,"{'home_wins': 0, 'away_wins': 0, 'draws': 1}"
1693508400,Aug 31 2023 - 7:00pm,complete,Zrinjski,LASK Linz,Tiago Bruno Lopes Martins,,1.0,3.0,1.0,1.17,1,1,2,1,1,0,38,52,1,5,1,0,3,0,1,0,3,0,6,11,2,4,4,7,14,14,51,49,3.42,0.0,0.82,1.36,3.5,84,84,84,17,17,84,84,17,100,8.0,3.33,2.85,3.3,2.45,1.31,1.95,3.4,6.65,1.75,1.95,Stadion Bijeli Brijeg (Mostar),UEFA Europa League,1,0.26666666666666666,0.4666666666666667,"{'home_wins': 0, 'away_wins': 0, 'draws': 1}"
1695314700,Sep 21 2023 - 4:45pm,complete,LASK Linz,Liverpool,Marco Di Bello,1.0,2.0,0.0,1.17,2.25,1,3,4,1,1,0,14,"56,63,88",6,7,3,0,2,0,2,1,2,0,5,12,3,7,2,5,14,15,33,67,1.09,0.0,0.79,1.77,1.25,50,50,25,0,0,25,50,0,50,4.5,2.5,6.86,5.1,1.38,1.14,1.49,2.22,3.75,1.8,1.95,Raiffeisen Arena (Linz),UEFA Europa League,1,0.4666666666666667,0.4666666666666667,"{'home_wins': 0, 'away_wins': 0, 'draws': 1}"
1695314700,Sep 21 2023 - 4:45pm,complete,Panathinaikos,Villarreal,Craig Pawson,1.0,0.0,0.0,1.0,2.0,2,0,2,1,1,0,"38,78",,6,4,1,0,4,0,0,1,0,4,12,4,4,2,8,2,9,10,42,58,0.0,0.0,1.32,0.64,0.0,0,0,0,0,0,0,0,0,0,0.0,0.0,3.31,3.46,2.11,1.28,1.84,3.2,6.0,1.7,2.05,Olympiako Stadio Spyros Louis (Athína (Athens)),UEFA Europa League,0,0.26666666666666666,0.3333333333333333,"{'home_wins': 1, 'away_wins': 0, 'draws': 1}"
1695314700,Sep 21 2023 - 4:45pm,complete,Rennes,Maccabi Haifa,Harm Osmers,1.0,0.0,0.0,2.25,0.33,3,0,3,2,2,0,"1,31,55",,9,3,1,0,5,0,0,1,0,5,22,6,12,3,10,3,12,9,62,38,0.0,0.0,2.75,0.75,0.0,0,0,0,0,0,0,0,0,0,0.0,0.0,1.48,4.54,5.99,1.22,1.66,2.8,5.0,1.95,1.8,Roazhon Park (Rennes),UEFA Europa League,0,0.4666666666666667,0.13333333333333333,"{'home_wins': 1, 'away_wins': 0, 'draws': 1}"
1695314700,Sep 21 2023 - 4:45pm,complete,Servette,Slavia Praha,Giorgi Kruashvili,1.0,0.0,1.75,1.0,2.0,0,2,2,1,0,1,,"32,58",4,8,3,0,4,0,2,1,0,4,9,7,4,3,5,4,13,14,47,53,0.0,1.93,1.17,1.12,1.25,25,50,25,0,0,25,38,13,50,9.0,0.75,3.31,3.6,2.3,1.32,1.85,3.4,6.5,1.75,2.0,Stade de Genève (Lancy),UEFA Europa League,1,0.26666666666666666,0.8666666666666667,"{'home_wins': 0, 'away_wins': 0, 'draws': 1}"
1695314700,Sep 21 2023 - 4:45pm,complete,Sheriff,Roma,Andris Treimanis,1.0,2.0,0.0,1.13,2.25,1,2,3,1,0,1,57,"45'4,65",4,2,4,1,1,0,1,4,0,1,12,12,4,7,8,5,14,11,33,67,1.95,0.0,1.22,1.69,1.88,50,50,38,25,13,38,38,25,50,4.75,2.0,6.01,4.14,1.52,1.24,2.0,3.2,6.25,2.1,1.67,Bolshaya Sportivnaya Arena (Tiraspol),UEFA Europa League,1,0.5333333333333333,0.4666666666666667,"{'home_wins': 0, 'away_wins': 0, 'draws': 1}"
1695314700,Sep 21 2023 - 4:45pm,complete,Bayer Leverkusen,Häcken,Manfredas Lukjančukas,1.0,0.0,2.5,3.0,1.25,4,0,4,2,2,0,"10,16,66,70",,6,4,1,0,0,0,1,0,0,0,18,9,11,7,7,2,10,9,56,44,0.0,1.77,2.27,1.53,2.13,38,50,50,50,13,13,50,50,50,6.5,2.0,1.24,6.42,9.53,1.09,1.32,2.09,2.9,1.95,1.8,BayArena (Leverkusen),UEFA Europa League,0,0.4666666666666667,0.3333333333333333,"{'home_wins': 1, 'away_wins': 0, 'draws': 1}"
1695314700,Sep 21 2023 - 4:45pm,complete,Qarabağ,Molde,John Beaton,1.0,2.5,0.0,2.0,1.5,1,0,1,0,0,0,55,,9,1,3,0,4,0,0,3,2,2,16,6,9,3,7,3,12,14,63,37,1.66,0.0,2.14,0.95,1.25,38,50,25,0,0,38,38,13,25,6.75,2.0,2.41,3.36,2.84,1.33,1.9,3.6,7.0,1.8,1.95,Tofiq Bəhramov adına Respublika stadionu (Baku),UEFA Europa League,0,0.5333333333333333,0.26666666666666666,"{'home_wins': 1, 'away_wins': 0, 'draws': 1}"
1695315300,Sep 21 2023 - 4:55pm,complete,Union Saint-Gilloise,Toulouse,Rohit Saggi,1.0,3.0,0.0,1.67,1.75,1,1,2,1,0,1,69,45'3,6,4,3,0,3,1,1,2,1,3,12,8,5,4,7,4,14,11,47,53,1.67,0.0,1.53,1.03,0.75,0,25,0,0,0,0,50,0,25,4.5,2.0,2.19,3.36,3.21,1.3,1.87,3.4,6.5,1.75,2.0,Lotto Park (Bruxelles (Brussel)),UEFA Europa League,1,0.5333333333333333,0.4666666666666667,"{'home_wins': 0, 'away_wins': 0, 'draws': 2}"
1695322800,Sep 21 2023 - 7:00pm,complete,West Ham United,Bačka Topola,Filip Glova,1.0,0.0,0.0,2.25,0.25,3,1,4,0,0,0,"66,70,82",47,12,4,1,0,1,0,1,0,1,0,18,9,9,5,9,4,7,7,72,28,0.0,0.0,2.33,1.06,0.0,0,0,0,0,0,0,0,0,0,0.0,0.0,1.17,7.6,16.0,1.09,1.34,1.95,3.0,2.25,1.57,London Stadium (London),UEFA Europa League,0,0.4666666666666667,0.13333333333333333,"{'home_wins': 1, 'away_wins': 0, 'draws': 1}"
1695322800,Sep 21 2023 - 7:00pm,complete,Olympiakos Piraeus,Freiburg,Allard Lindhout,1.0,2.5,0.0,1.75,2.25,2,3,5,3,1,2,"40,74","9,45'7,86",8,5,2,0,3,0,1,1,1,2,13,11,6,7,7,4,12,12,47,53,2.04,0.0,1.64,1.59,1.25,25,38,25,13,0,25,50,0,38,5.0,3.25,2.65,3.35,2.7,1.33,1.96,3.6,7.0,1.75,2.0,Stadio Georgios Karaiskáki (Pireás (Piraeus)),UEFA Europa League,1,0.6666666666666666,0.26666666666666666,"{'home_wins': 0, 'away_wins': 0, 'draws': 1}"
1695322800,Sep 21 2023 - 7:00pm,complete,Ajax,Olympique Marseille,Maurizio Mariani,1.0,1.5,0.0,0.83,2.0,3,3,6,4,2,2,"9,20,52","23,38,78",5,3,2,1,1,0,1,2,0,1,12,21,6,13,6,8,7,10,52,48,1.01,0.0,1.49,2.53,1.5,25,25,25,25,25,25,25,25,50,1.5,2.0,2.24,3.65,3.05,1.19,1.61,2.7,5.1,1.57,2.25,Johan Cruijff Arena (Amsterdam),UEFA Europa League,1,0.13333333333333333,0.3333333333333333,"{'home_wins': 0, 'away_wins': 0, 'draws': 2}"
1695322800,Sep 21 2023 - 7:00pm,complete,Brighton & Hove Albion,AEK Athens,Kristo Tohver,1.0,0.0,0.0,1.75,1.0,2,3,5,3,1,2,"30,67","11,40,84",11,2,4,0,7,0,0,4,0,7,12,11,8,7,4,4,10,17,75,25,0.0,0.0,1.87,1.3,0.0,0,0,0,0,0,0,0,0,0,0.0,0.0,1.28,6.0,10.0,1.2,1.64,2.3,4.75,2.2,1.62,The American Express Community Stadium (Falmer- East Sussex),UEFA Europa League,1,0.26666666666666666,0.13333333333333333,"{'home_wins': 0, 'away_wins': 0, 'draws': 1}"
1695322800,Sep 21 2023 - 7:00pm,complete,Sparta Praha,Aris,Jérôme Brisard,1.0,1.5,1.5,1.17,1.0,3,2,5,3,2,1,"20,25,67","11,90",11,4,3,0,1,0,1,2,0,1,17,6,10,4,7,2,10,11,55,45,0.0,1.46,2.13,0.86,5.0,100,100,100,75,50,75,100,100,100,6.0,4.5,1.56,4.2,6.0,1.2,1.66,2.5,4.33,1.75,2.0,epet ARENA (Praha),UEFA Europa League,0,0.5333333333333333,0.4666666666666667,"{'home_wins': 1, 'away_wins': 0, 'draws': 1}"
1695322800,Sep 21 2023 - 7:00pm,complete,Rangers,Real Betis,Lawrence Visser,1.0,0.0,0.0,1.75,2.25,1,0,1,0,0,0,67,,9,7,1,0,3,0,0,1,0,3,11,13,6,5,5,8,14,8,47,53,0.0,0.0,1.4,1.67,0.0,0,0,0,0,0,0,0,0,0,0.0,0.0,3.2,3.5,2.22,1.32,1.9,3.4,6.5,1.75,2.0,Ibrox Stadium (Glasgow),UEFA Europa League,0,0.4666666666666667,0.4666666666666667,"{'home_wins': 1, 'away_wins': 0, 'draws': 1}"
1695322800,Sep 21 2023 - 7:00pm,complete,Atalanta,Raków Częstochowa,Roei Reinshreiber,1.0,0.0,0.0,2.5,0.25,2,0,2,0,0,0,"49,66",,11,0,1,0,0,0,1,0,0,0,24,4,11,2,13,2,17,8,59,41,0.0,0.0,2.91,0.6,0.0,0,0,0,0,0,0,0,0,0,0.0,0.0,1.27,6.0,10.0,1.19,1.55,2.3,4.75,2.1,1.67,Gewiss Stadium (Bergamo),UEFA Europa League,0,0.4666666666666667,0.13333333333333333,"{'home_wins': 1, 'away_wins': 0, 'draws': 1}"
1695322800,Sep 21 2023 - 7:00pm,complete,Sturm Graz,Sporting CP,Nikola Dabanović,1.0,0.0,0.0,1.0,1.75,1,2,3,0,0,0,58,"76,84",3,2,2,0,1,0,1,1,0,1,8,13,3,8,5,5,19,10,38,62,0.0,0.0,0.91,1.72,0.0,0,0,0,0,0,0,0,0,0,0.0,0.0,3.3,3.65,2.11,1.28,1.77,3.2,6.0,1.7,2.05,Merkur Arena (Graz),UEFA Europa League,1,0.13333333333333333,0.26666666666666666,"{'home_wins': 0, 'away_wins': 0, 'draws': 1}"
1696524300,Oct 05 2023 - 4:45pm,complete,Freiburg,West Ham United,Mohammed Al Hakim,2.0,3.0,3.0,2.25,2.25,1,2,3,1,0,1,49,"8,66",3,4,1,0,1,0,1,0,0,1,10,10,6,6,4,4,8,6,55,45,0.0,0.0,1.29,1.36,4.5,100,100,100,100,50,50,50,100,100,17.0,4.0,2.6,3.6,2.55,1.2,1.57,1.9,4.5,1.53,2.38,Europa-Park Stadion (Freiburg im Breisgau),UEFA Europa League,1,0.26666666666666666,0.4666666666666667,"{'home_wins': 0, 'away_wins': 0, 'draws': 1}"
1696524300,Oct 05 2023 - 4:45pm,complete,Bačka Topola,Olympiakos Piraeus,Benoît Bastien,2.0,0.0,2.0,0.25,1.75,2,2,4,1,0,1,"63,90","16,57",1,3,1,0,1,1,0,1,0,2,9,8,6,4,3,4,11,7,49,51,0.0,1.79,1.27,1.13,3.5,80,90,80,70,10,30,50,60,90,9.6,4.0,4.33,3.9,1.75,1.25,1.75,3.0,5.5,1.75,2.0,TSC Arena (Bačka Topola),UEFA Europa League,1,0.13333333333333333,0.6666666666666666,"{'home_wins': 0, 'away_wins': 0, 'draws': 2}"
1696524300,Oct 05 2023 - 4:45pm,complete,Olympique Marseille,Brighton & Hove Albion,Mykola Balakin,2.0,1.0,0.0,2.0,1.75,2,2,4,2,2,0,"19,20","54,88",8,5,3,0,4,0,0,3,0,4,9,13,5,6,4,7,10,10,46,54,0.0,0.0,1.18,1.5,5.5,100,100,100,100,100,100,100,100,100,14.0,5.0,2.7,3.5,2.45,1.19,1.7,2.4,4.33,1.5,2.5,Stade Orange Vélodrome (Marseille),UEFA Europa League,1,0.3333333333333333,0.26666666666666666,"{'home_wins': 0, 'away_wins': 0, 'draws': 2}"
1696524300,Oct 05 2023 - 4:45pm,complete,AEK Athens,Ajax,Matej Jug,2.0,3.0,1.33,1.0,0.83,1,1,2,1,0,1,74,30,7,4,4,0,2,0,1,3,0,2,17,10,6,8,11,2,16,10,47,53,0.0,0.86,1.97,1.37,4.5,84,84,84,84,84,84,84,84,100,4.67,9.33,2.35,3.6,2.8,1.19,1.65,2.45,4.33,1.53,2.38,OPAP Arena (Athína (Athens)),UEFA Europa League,1,0.13333333333333333,0.13333333333333333,"{'home_wins': 0, 'away_wins': 0, 'draws': 2}"
1696524300,Oct 05 2023 - 4:45pm,complete,Real Betis,Sparta Praha,Duje Strukan,2.0,0.0,2.0,2.25,1.17,2,1,3,2,1,1,"9,79",3,4,3,4,0,3,0,2,2,2,1,14,8,5,3,9,5,14,12,46,54,0.0,1.15,1.48,0.85,2.84,50,50,50,50,34,50,50,50,100,13.0,5.0,1.8,3.9,4.0,1.22,1.65,2.8,5.0,1.67,2.1,Estadio Benito Villamarín (Sevilla),UEFA Europa League,0,0.4666666666666667,0.5333333333333333,"{'home_wins': 1, 'away_wins': 0, 'draws': 1}"
1696524300,Oct 05 2023 - 4:45pm,complete,Aris,Rangers,Horațiu Mircea Fesnic,2.0,1.0,3.0,1.0,1.75,2,1,3,1,1,0,"9,59",70,2,6,3,0,2,0,1,2,0,2,9,9,5,5,4,4,13,12,33,67,2.63,0.0,1.11,1.5,3.17,50,50,50,34,34,34,50,50,100,12.0,3.33,3.8,3.6,1.95,1.26,1.8,3.1,5.5,1.7,2.05,Alphamega Stadium (Kolossi),UEFA Europa League,0,0.4666666666666667,0.4666666666666667,"{'home_wins': 1, 'away_wins': 0, 'draws': 1}"
1696524300,Oct 05 2023 - 4:45pm,complete,Sporting CP,Atalanta,Alejandro José Hernández Hernández,2.0,3.0,3.0,1.75,2.5,1,2,3,2,0,2,76,"33,43",7,7,2,0,4,0,0,2,0,4,10,10,4,6,6,4,7,14,49,51,0.0,0.0,1.16,1.53,2.5,50,100,50,0,0,0,0,100,100,13.0,2.0,2.35,3.35,2.95,1.28,1.83,3.1,6.0,1.62,2.2,Estádio José Alvalade (Lisboa),UEFA Europa League,1,0.26666666666666666,0.4666666666666667,"{'home_wins': 0, 'away_wins': 0, 'draws': 1}"
1696524300,Oct 05 2023 - 4:45pm,complete,Raków Częstochowa,Sturm Graz,Əliyar Ağayev,2.0,0.0,0.0,0.25,1.0,0,1,1,1,0,1,,23,5,7,2,0,2,0,0,2,1,1,8,16,3,7,5,9,14,12,52,48,0.0,0.0,1.07,1.89,2.5,50,100,50,0,0,0,0,100,100,3.0,2.0,2.4,3.3,2.9,1.33,1.95,3.6,7.0,1.75,2.0,ArcelorMittal Park (Sosnowiec),UEFA Europa League,1,0.13333333333333333,0.13333333333333333,"{'home_wins': 0, 'away_wins': 0, 'draws': 1}"
1696532400,Oct 05 2023 - 7:00pm,complete,Liverpool,Union Saint-Gilloise,Morten Krogh,2.0,3.0,2.33,2.25,1.67,2,0,2,1,1,0,"44,90'2",,7,11,0,0,0,0,0,0,0,0,19,7,10,3,9,4,9,14,73,27,0.0,1.78,2.29,0.93,2.84,67,84,50,50,0,0,100,50,84,12.0,4.33,1.21,7.9,16.0,1.11,1.44,2.01,3.25,1.95,1.8,Anfield (Liverpool),UEFA Europa League,0,0.4666666666666667,0.5333333333333333,"{'home_wins': 1, 'away_wins': 0, 'draws': 1}"
1696532400,Oct 05 2023 - 7:00pm,complete,Toulouse,LASK Linz,Nick Walsh,2.0,1.0,1.33,1.75,1.17,1,0,1,1,1,0,31,,6,3,5,0,3,0,3,2,0,3,13,8,3,2,10,6,15,13,46,54,0.0,1.36,1.38,0.94,2.5,100,100,34,17,0,17,100,17,100,9.0,6.67,1.77,4.01,4.99,1.25,1.74,3.0,5.5,1.7,2.05,Stadium de Toulouse (Toulouse),UEFA Europa League,0,0.4666666666666667,0.4666666666666667,"{'home_wins': 1, 'away_wins': 0, 'draws': 1}"
1696532400,Oct 05 2023 - 7:00pm,complete,Villarreal,Rennes,Harald Lechner,2.0,0.0,3.0,2.0,2.25,1,0,1,1,1,0,36,,3,6,4,0,2,0,1,3,1,1,6,13,3,5,3,8,16,19,48,52,0.0,0.0,0.88,1.49,2.5,0,100,50,0,0,50,100,0,100,13.0,5.0,2.04,3.7,3.93,1.25,1.74,2.95,5.5,1.67,2.1,Estadio de la Cerámica (Villarreal),UEFA Europa League,0,0.3333333333333333,0.4666666666666667,"{'home_wins': 1, 'away_wins': 0, 'draws': 1}"
1696532400,Oct 05 2023 - 7:00pm,complete,Maccabi Haifa,Panathinaikos,António Emanuel Carvalho Nobre,2.0,0.0,3.0,0.33,1.0,0,0,0,0,0,0,,,7,2,3,0,2,0,1,2,0,2,12,7,8,0,4,7,12,13,52,48,0.0,0.0,1.57,0.8,2.5,0,100,50,0,0,50,100,0,100,9.0,6.0,2.53,3.42,3.06,1.33,2.01,3.6,7.0,1.8,1.95,Sammy Ofer Stadium (Haifa),UEFA Europa League,1,0.13333333333333333,0.26666666666666666,"{'home_wins': 0, 'away_wins': 0, 'draws': 2}"
1696532400,Oct 05 2023 - 7:00pm,complete,Roma,Servette,Igor Pajač,2.0,3.0,0.0,2.25,1.0,4,0,4,1,1,0,"21,46,52,59",,4,8,0,0,2,0,0,0,0,2,12,6,8,2,4,4,14,16,54,46,0.0,0.0,1.58,0.81,2.5,50,100,50,0,0,0,100,50,100,6.0,4.0,1.23,7.28,15.0,1.18,1.63,2.38,4.33,2.38,1.53,Stadio Olimpico (Roma),UEFA Europa League,0,0.4666666666666667,0.26666666666666666,"{'home_wins': 1, 'away_wins': 0, 'draws': 1}"
1696532400,Oct 05 2023 - 7:00pm,complete,Slavia Praha,Sheriff,Willy Delajod,2.0,2.0,1.6,2.0,1.13,6,0,6,3,3,0,"4,6,39,47,58,71",,11,2,0,0,3,0,0,0,2,1,13,7,9,2,4,5,8,14,61,39,2.39,1.36,2.01,0.75,3.0,70,100,60,20,10,50,80,40,100,13.4,4.2,1.45,5.04,7.8,1.22,1.77,2.8,5.0,1.95,1.8,Fortuna Arena (Praha),UEFA Europa League,0,0.8666666666666667,0.5333333333333333,"{'home_wins': 1, 'away_wins': 0, 'draws': 1}"
1696532400,Oct 05 2023 - 7:00pm,complete,Häcken,Qarabağ,Sebastian Gishamer,2.0,2.0,2.6,1.25,2.0,0,1,1,0,0,0,,70,4,7,1,0,2,0,0,1,1,1,5,10,2,3,3,7,11,10,51,49,2.17,1.61,0.7,1.26,3.2,60,90,70,50,10,50,80,60,80,13.2,3.8,2.7,3.48,2.8,1.22,1.73,2.75,5.2,1.62,2.2,Nya Ullevi (Göteborg),UEFA Europa League,1,0.3333333333333333,0.5333333333333333,"{'home_wins': 0, 'away_wins': 0, 'draws': 1}"
1696532400,Oct 05 2023 - 7:00pm,complete,Molde,Bayer Leverkusen,Anastasios Papapetrou,2.0,0.0,3.0,1.5,3.0,1,2,3,2,0,2,87,"14,18",4,3,2,0,0,0,1,1,0,0,13,9,6,4,7,5,7,5,38,62,0.0,0.0,1.55,1.26,2.5,0,50,50,50,0,50,50,50,100,7.0,5.0,4.42,4.17,1.82,1.14,1.65,2.4,3.6,1.53,2.38,Aker Stadion (Molde),UEFA Europa League,1,0.26666666666666666,0.4666666666666667,"{'home_wins': 0, 'away_wins': 0, 'draws': 1}"
1698338700,Oct 26 2023 - 4:45pm,complete,Olympiakos Piraeus,West Ham United,Andris Treimanis,3.0,1.83,3.0,1.75,2.25,2,1,3,2,2,0,"33,45'1",87,3,6,5,0,4,0,0,5,0,4,13,10,6,4,7,6,5,14,51,49,1.91,1.36,1.61,1.26,3.34,84,92,84,50,9,25,75,67,92,13.17,4.0,3.21,3.4,1.98,1.22,1.85,2.75,5.2,1.67,2.1,Stadio Georgios Karaiskáki (Pireás (Piraeus)),UEFA Europa League,0,0.6666666666666666,0.4666666666666667,"{'home_wins': 1, 'away_wins': 0, 'draws': 0}"
1698338700,Oct 26 2023 - 4:45pm,complete,Bačka Topola,Freiburg,Əliyar Ağayev,3.0,0.5,1.5,0.25,2.25,1,3,4,1,1,0,13,"49,59,73",1,5,3,0,1,0,0,3,0,1,5,13,3,6,2,7,15,7,39,61,1.27,1.59,0.63,1.52,4.0,100,100,100,75,25,25,75,100,100,6.5,3.0,8.6,5.0,1.25,1.18,1.57,2.4,4.33,1.91,1.91,TSC Arena (Bačka Topola),UEFA Europa League,1,0.13333333333333333,0.26666666666666666,"{'home_wins': 0, 'away_wins': 0, 'draws': 0}"
1698338700,Oct 26 2023 - 4:45pm,complete,Olympique Marseille,AEK Athens,Daniel Stefanski,3.0,1.0,2.0,2.0,1.0,3,1,4,1,1,0,"27,60,69",53,3,0,2,0,4,1,2,0,2,3,14,7,9,3,5,4,15,14,60,40,1.18,1.3,1.87,0.88,4.25,100,100,75,75,50,75,100,75,100,10.0,7.5,1.58,3.78,4.55,1.22,1.65,2.75,5.0,1.7,2.05,Stade Orange Vélodrome (Marseille),UEFA Europa League,0,0.3333333333333333,0.13333333333333333,"{'home_wins': 1, 'away_wins': 1, 'draws': 0}"
1698338700,Oct 26 2023 - 4:45pm,complete,Sparta Praha,Rangers,Sascha Stegemann,3.0,1.5,1.5,1.17,1.75,0,0,0,0,0,0,,,7,3,1,0,4,0,0,1,2,2,11,9,5,5,6,4,6,12,52,48,2.13,1.5,1.51,1.19,3.13,75,75,75,38,25,50,75,63,100,12.75,3.75,1.95,3.55,3.15,1.24,1.75,2.85,5.0,1.62,2.2,epet ARENA (Praha),UEFA Europa League,1,0.5333333333333333,0.4666666666666667,"{'home_wins': 0, 'away_wins': 0, 'draws': 1}"
1698338700,Oct 26 2023 - 4:45pm,complete,Aris,Real Betis,Filip Glova,3.0,1.5,1.5,1.0,2.25,0,1,1,0,0,0,,75,3,9,2,0,2,0,1,1,0,2,8,13,2,6,6,7,12,14,41,59,1.87,1.67,0.9,1.68,3.38,75,75,75,25,25,50,75,50,100,8.25,6.0,3.55,3.5,1.84,1.22,1.7,2.8,5.0,1.67,2.1,Alphamega Stadium (Kolossi),UEFA Europa League,1,0.4666666666666667,0.4666666666666667,"{'home_wins': 0, 'away_wins': 0, 'draws': 0}"
1698338700,Oct 26 2023 - 4:45pm,complete,Sturm Graz,Atalanta,Duje Strukan,3.0,1.5,3.0,1.0,2.5,2,2,4,3,1,2,"13,80","34,45'7",4,6,2,1,2,0,2,1,1,1,11,13,6,9,5,4,11,11,32,68,0.91,1.53,1.29,2.08,2.25,50,75,50,0,0,25,50,50,75,14.0,4.5,3.45,3.3,1.91,1.2,1.76,2.75,4.75,1.7,2.05,Merkur Arena (Graz),UEFA Europa League,1,0.13333333333333333,0.4666666666666667,"{'home_wins': 0, 'away_wins': 0, 'draws': 1}"
1698338700,Oct 26 2023 - 4:45pm,complete,Raków Częstochowa,Sporting CP,Anastasios Papapetrou,3.0,0.0,1.5,0.25,1.75,1,1,2,1,0,1,79,14,2,4,3,0,2,1,2,1,2,1,14,5,3,4,11,1,10,5,60,40,1.07,1.72,1.69,0.73,2.25,50,75,50,0,0,25,50,50,75,7.0,2.5,4.25,3.68,1.65,1.26,1.7,3.1,5.5,1.75,2.0,ArcelorMittal Park (Sosnowiec),UEFA Europa League,1,0.13333333333333333,0.26666666666666666,"{'home_wins': 0, 'away_wins': 0, 'draws': 1}"
1698338700,Oct 26 2023 - 4:45pm,complete,Molde,Häcken,Urs Schnyder,3.0,0.0,1.67,1.5,1.25,5,1,6,4,3,1,"6,27,30,55,90'3",21,4,8,1,0,0,0,1,0,0,0,16,17,9,8,7,9,6,11,43,57,1.55,1.69,1.89,2.08,2.84,50,67,67,42,9,42,67,42,100,8.17,4.5,1.65,3.83,4.0,1.2,1.65,2.7,4.75,1.67,2.1,Aker Stadion (Molde),UEFA Europa League,0,0.26666666666666666,0.3333333333333333,"{'home_wins': 1, 'away_wins': 1, 'draws': 0}"
1698346800,Oct 26 2023 - 7:00pm,complete,Brighton & Hove Albion,Ajax,Bartosz Frankowski,3.0,0.5,1.25,1.75,0.83,2,0,2,1,1,0,"42,53",,5,3,2,0,0,0,2,0,0,0,12,7,7,2,5,5,7,11,66,34,1.87,1.11,1.59,0.73,4.0,88,88,75,75,50,75,88,75,100,11.0,6.25,1.71,3.7,5.0,1.12,1.81,1.8,3.25,1.67,2.1,The American Express Community Stadium (Falmer- East Sussex),UEFA Europa League,0,0.26666666666666666,0.13333333333333333,"{'home_wins': 1, 'away_wins': 1, 'draws': 0}"
1698346800,Oct 26 2023 - 7:00pm,complete,Union Saint-Gilloise,LASK Linz,Atilla Karaoğlan,3.0,1.75,1.0,1.67,1.17,2,1,3,1,0,1,"84,90'4",24,4,1,2,0,4,0,0,2,2,2,15,7,8,4,7,3,10,17,60,40,1.6,1.15,2.01,1.0,2.13,50,75,25,13,0,13,100,13,75,11.0,4.5,1.83,3.6,4.2,1.22,1.81,2.75,5.0,1.7,2.05,Lotto Park (Bruxelles (Brussel)),UEFA Europa League,0,0.5333333333333333,0.4666666666666667,"{'home_wins': 1, 'away_wins': 0, 'draws': 0}"
1698346800,Oct 26 2023 - 7:00pm,complete,Liverpool,Toulouse,Rade Obrenović,3.0,3.0,2.0,2.25,1.75,5,1,6,4,3,1,"9,30,34,65,90'3",16,5,3,1,0,0,0,0,1,0,0,15,8,10,4,5,4,8,8,65,35,2.29,1.03,2.08,0.92,2.25,50,75,25,25,0,0,100,25,75,12.0,5.5,1.24,6.25,12.0,1.11,1.36,2.06,3.1,1.75,2.0,Anfield (Liverpool),UEFA Europa League,0,0.4666666666666667,0.4666666666666667,"{'home_wins': 1, 'away_wins': 0, 'draws': 0}"
1698346800,Oct 26 2023 - 7:00pm,complete,Panathinaikos,Rennes,João Pedro Silva Pinheiro,3.0,2.0,1.5,1.0,2.25,1,2,3,1,0,1,61,"7,49",6,4,2,0,5,0,2,0,2,3,13,11,7,7,6,4,10,14,63,37,1.32,1.49,1.73,1.42,1.5,0,50,25,0,0,25,75,0,50,11.5,3.0,2.55,3.3,2.8,1.33,2.02,3.6,7.0,1.75,2.0,Olympiako Stadio Spyros Louis (Athína (Athens)),UEFA Europa League,1,0.26666666666666666,0.4666666666666667,"{'home_wins': 0, 'away_wins': 0, 'draws': 0}"
1698346800,Oct 26 2023 - 7:00pm,complete,Roma,Slavia Praha,Espen Eskås,3.0,3.0,2.17,2.25,2.0,2,0,2,2,2,0,"1,17",,0,4,2,0,1,0,1,1,1,0,8,9,6,4,2,5,13,11,46,54,1.58,1.66,1.06,1.18,3.25,42,100,75,34,9,25,92,67,100,12.17,1.67,1.82,3.5,4.4,1.26,1.81,3.1,5.5,1.75,2.0,Stadio Olimpico (Roma),UEFA Europa League,0,0.4666666666666667,0.8666666666666667,"{'home_wins': 1, 'away_wins': 0, 'draws': 0}"
1698346800,Oct 26 2023 - 7:00pm,complete,Sheriff,Servette,John Brooks,3.0,1.33,0.0,1.13,1.0,1,1,2,1,0,1,80,41,1,4,2,0,0,0,0,2,0,0,9,12,6,3,3,9,11,14,53,47,1.71,0.81,1.23,1.43,3.5,42,100,67,50,17,34,92,59,100,10.17,5.33,2.2,3.4,3.2,1.3,1.98,3.3,6.5,1.67,2.1,Bolshaya Sportivnaya Arena (Tiraspol),UEFA Europa League,1,0.5333333333333333,0.26666666666666666,"{'home_wins': 0, 'away_wins': 0, 'draws': 1}"
1698346800,Oct 26 2023 - 7:00pm,complete,Bayer Leverkusen,Qarabağ,Horațiu Mircea Fesnic,3.0,3.0,2.67,3.0,2.0,5,1,6,4,3,1,"4,29,35,54,57",16,2,1,2,0,3,0,2,0,2,1,20,4,12,3,8,1,11,20,61,39,2.27,1.49,2.49,0.59,2.75,50,84,67,25,0,75,75,34,84,11.67,2.67,1.27,5.75,10.5,1.11,1.36,2.0,3.25,1.91,1.91,BayArena (Leverkusen),UEFA Europa League,0,0.4666666666666667,0.5333333333333333,"{'home_wins': 1, 'away_wins': 1, 'draws': 0}"
1699551900,Nov 09 2023 - 5:45pm,complete,Ajax,Brighton & Hove Albion,Nikola Dabanović,4.0,1.0,1.33,0.83,1.75,0,2,2,1,0,1,,"15,53",5,7,0,0,2,0,0,0,1,1,7,9,4,4,3,5,10,12,57,43,1.25,1.5,0.93,1.13,3.44,64,90,54,54,37,54,90,54,100,10.0,5.13,4.2,4.1,1.73,1.14,1.44,2.05,3.6,1.44,2.63,Johan Cruijff Arena (Amsterdam),UEFA Europa League,1,0.13333333333333333,0.26666666666666666,"{'home_wins': 0, 'away_wins': 0, 'draws': 0}"
1699551900,Nov 09 2023 - 5:45pm,complete,LASK Linz,Union Saint-Gilloise,Simone Sozza,4.0,0.8,2.0,1.17,1.67,3,0,3,2,2,0,"25,45'4,77",,1,5,2,0,1,0,1,1,0,1,11,6,8,0,3,6,16,15,49,51,0.94,1.35,1.5,0.84,2.3,60,80,40,10,0,10,100,30,80,9.8,4.8,3.4,3.7,2.0,1.22,1.7,2.8,5.0,1.62,2.2,Raiffeisen Arena (Linz),UEFA Europa League,0,0.4666666666666667,0.5333333333333333,"{'home_wins': 1, 'away_wins': 0, 'draws': 0}"
1699551900,Nov 09 2023 - 5:45pm,complete,Toulouse,Liverpool,Georgi Kabakov,4.0,1.33,3.0,1.75,2.25,3,2,5,1,1,0,"36,58,76","74,89",4,7,5,0,2,0,1,4,1,1,10,15,6,6,4,9,13,13,27,73,1.38,1.77,1.32,1.86,3.5,67,84,50,50,33,33,100,50,84,10.66,4.0,5.75,4.8,1.49,1.15,1.48,2.25,3.75,1.62,2.2,Stadium de Toulouse (Toulouse),UEFA Europa League,0,0.4666666666666667,0.4666666666666667,"{'home_wins': 1, 'away_wins': 0, 'draws': 0}"
1699551900,Nov 09 2023 - 5:45pm,complete,Rennes,Panathinaikos,William Collum,4.0,2.0,1.33,2.25,1.0,3,1,4,2,1,1,"9,65,70",34,2,5,3,1,2,0,2,2,1,1,8,11,4,3,4,8,6,10,41,59,2.75,0.8,1.02,1.38,2.0,33,67,50,0,0,17,84,33,67,11.0,4.34,1.73,3.9,4.5,1.26,1.75,3.1,5.5,1.8,1.95,Roazhon Park (Rennes),UEFA Europa League,0,0.4666666666666667,0.26666666666666666,"{'home_wins': 1, 'away_wins': 1, 'draws': 0}"
1699551900,Nov 09 2023 - 5:45pm,complete,Maccabi Haifa,Villarreal,Mykola Balakin,4.0,0.5,1.5,0.33,2.0,1,2,3,1,1,0,29,"82,86",6,6,3,0,3,0,1,2,1,2,11,15,5,11,6,4,9,12,31,69,1.57,0.64,1.27,2.45,1.5,0,50,25,0,0,25,75,0,50,8.5,8.0,4.33,3.6,1.82,1.33,1.97,3.6,7.0,1.91,1.91,AEK Arena - George Karapatakis (Lárnaka (Larnaca) ),UEFA Europa League,1,0.13333333333333333,0.3333333333333333,"{'home_wins': 0, 'away_wins': 0, 'draws': 1}"
1699551900,Nov 09 2023 - 5:45pm,complete,Servette,Sheriff,Manfredas Lukjančukas,4.0,0.33,1.29,1.0,1.13,2,1,3,1,0,1,"84,90'2",12,12,1,2,0,4,2,0,2,1,5,23,6,10,2,13,4,13,8,72,28,1.17,1.16,2.88,0.61,3.19,60,100,52,38,15,29,93,45,100,9.04,4.38,1.75,3.7,4.5,1.35,1.93,3.75,7.5,1.95,1.8,Stade de Genève (Lancy),UEFA Europa League,0,0.26666666666666666,0.5333333333333333,"{'home_wins': 1, 'away_wins': 0, 'draws': 1}"
1699551900,Nov 09 2023 - 5:45pm,complete,Slavia Praha,Roma,François Letexier,4.0,1.86,3.0,2.0,2.25,2,0,2,0,0,0,"50,74",,7,0,3,0,2,0,0,3,1,1,18,5,8,3,10,2,16,9,52,48,2.26,1.69,2.15,0.72,2.93,31,100,55,24,7,45,93,48,77,10.43,2.14,2.85,3.3,2.45,1.4,1.88,4.0,8.0,1.91,1.91,Fortuna Arena (Praha),UEFA Europa League,0,0.8666666666666667,0.4666666666666667,"{'home_wins': 1, 'away_wins': 0, 'draws': 0}"
1699551900,Nov 09 2023 - 5:45pm,complete,Qarabağ,Bayer Leverkusen,Craig Pawson,4.0,2.29,3.0,2.0,3.0,0,1,1,0,0,0,,90'4,4,5,5,0,2,0,2,3,0,2,7,13,3,5,4,8,7,14,41,59,1.82,1.26,0.94,1.5,3.45,62,86,72,41,24,79,79,48,86,9.96,3.29,5.5,4.75,1.5,1.14,1.55,2.2,3.6,1.62,2.2,Tofiq Bəhramov adına Respublika stadionu (Baku),UEFA Europa League,1,0.5333333333333333,0.4666666666666667,"{'home_wins': 0, 'away_wins': 0, 'draws': 0}"
1699560000,Nov 09 2023 - 8:00pm,complete,Freiburg,Bačka Topola,Rohit Saggi,4.0,2.0,0.33,2.25,0.25,5,0,5,1,1,0,"24,56,69,80,90'2",,10,3,1,0,1,0,1,0,1,0,21,7,11,4,10,3,6,6,65,35,1.29,1.06,2.55,0.83,4.0,100,100,100,84,17,17,84,100,100,6.33,3.34,1.14,9.0,14.99,1.12,1.4,1.98,3.4,2.2,1.62,Europa-Park Stadion (Freiburg im Breisgau),UEFA Europa League,0,0.26666666666666666,0.13333333333333333,"{'home_wins': 1, 'away_wins': 1, 'draws': 0}"
1699560000,Nov 09 2023 - 8:00pm,complete,West Ham United,Olympiakos Piraeus,Matej Jug,4.0,2.0,2.0,2.25,1.75,1,0,1,0,0,0,73,,6,5,3,0,4,0,2,1,1,3,12,7,6,0,6,7,8,5,57,43,2.33,1.57,1.58,0.64,3.24,86,93,86,38,7,45,84,48,93,12.19,5.29,1.65,4.15,4.81,1.19,1.54,2.4,4.33,1.62,2.2,London Stadium (London),UEFA Europa League,0,0.4666666666666667,0.6666666666666666,"{'home_wins': 1, 'away_wins': 0, 'draws': 0}"
1699560000,Nov 09 2023 - 8:00pm,complete,AEK Athens,Olympique Marseille,Glenn Nyberg,4.0,1.33,1.67,1.0,2.0,0,2,2,1,0,1,,"25,90'3",15,5,2,0,1,0,1,1,1,0,13,10,8,5,5,5,15,9,54,46,1.97,2.53,1.84,1.28,4.17,100,100,84,84,33,50,100,84,100,7.67,7.67,2.45,3.6,2.71,1.25,1.64,2.95,5.7,1.62,2.2,OPAP Arena (Athína (Athens)),UEFA Europa League,1,0.13333333333333333,0.3333333333333333,"{'home_wins': 0, 'away_wins': 0, 'draws': 0}"
1699560000,Nov 09 2023 - 8:00pm,complete,Real Betis,Aris,Mohammed Al Hakim,4.0,2.0,1.2,2.25,1.0,4,1,5,1,1,0,"34,64,79,90'4",84,7,3,1,0,1,0,0,1,0,1,14,6,10,5,4,1,6,13,58,42,1.48,1.16,1.98,0.97,2.84,57,57,57,20,20,37,57,40,100,9.47,5.4,1.3,5.5,9.62,1.16,1.53,2.33,4.0,1.95,1.8,Estadio Benito Villamarín (Sevilla),UEFA Europa League,0,0.4666666666666667,0.4666666666666667,"{'home_wins': 1, 'away_wins': 1, 'draws': 0}"
1699560000,Nov 09 2023 - 8:00pm,complete,Rangers,Sparta Praha,Davide Massa,4.0,1.33,1.4,1.75,1.17,2,1,3,2,2,0,"11,20",77,5,5,4,0,4,0,0,4,2,2,17,8,10,4,7,4,10,9,44,56,1.4,1.0,2.06,1.0,2.37,57,57,57,30,20,40,57,47,74,11.6,4.33,2.0,3.65,3.56,1.3,1.81,3.4,6.5,1.75,2.0,Ibrox Stadium (Glasgow),UEFA Europa League,0,0.4666666666666667,0.5333333333333333,"{'home_wins': 1, 'away_wins': 0, 'draws': 1}"
1699560000,Nov 09 2023 - 8:00pm,complete,Atalanta,Sturm Graz,Jérôme Brisard,4.0,2.33,1.33,2.5,1.0,1,0,1,0,0,0,50,,8,1,0,0,2,0,0,0,1,1,9,5,4,0,5,5,11,19,63,37,2.91,1.89,1.27,0.61,2.84,67,84,67,33,0,50,67,33,84,12.67,4.66,1.26,6.05,10.41,1.18,1.56,2.35,4.5,2.05,1.7,Gewiss Stadium (Bergamo),UEFA Europa League,0,0.4666666666666667,0.13333333333333333,"{'home_wins': 1, 'away_wins': 0, 'draws': 1}"
1699560000,Nov 09 2023 - 8:00pm,complete,Sporting CP,Raków Częstochowa,Enea Jorgji,4.0,1.33,0.33,1.75,0.25,2,1,3,1,1,0,"14,52",70,9,1,2,0,1,1,1,1,1,1,16,4,7,3,9,1,8,6,67,33,1.16,0.6,1.98,0.59,2.17,67,84,34,0,0,17,67,33,84,6.66,4.0,1.27,5.8,10.51,1.18,1.58,2.35,4.5,2.05,1.7,Estádio José Alvalade (Lisboa),UEFA Europa League,0,0.26666666666666666,0.13333333333333333,"{'home_wins': 1, 'away_wins': 0, 'draws': 1}"
1699560000,Nov 09 2023 - 8:00pm,complete,Häcken,Molde,Don Robertson,4.0,1.43,1.0,1.25,1.5,1,3,4,2,0,2,65,"16,24,86",4,7,2,0,0,0,0,2,0,0,10,9,6,7,4,2,8,8,55,45,1.68,0.95,1.46,1.36,3.67,62,77,77,60,31,55,77,60,100,9.0,3.62,2.62,3.9,2.4,1.18,1.48,2.16,4.0,1.44,2.63,Nya Ullevi (Göteborg),UEFA Europa League,1,0.3333333333333333,0.26666666666666666,"{'home_wins': 0, 'away_wins': 0, 'draws': 0}"
1701366300,Nov 30 2023 - 5:45pm,incomplete,Freiburg,Olympiakos Piraeus,,5.0,2.25,1.75,2.25,1.75,0,0,0,0,0,0,,,-1,-1,-1,-1,-1,-1,-1,-1,-1,-1,-1,-1,-1,-1,-1,-1,-1,-1,-1,-1,1.92,1.34,0.0,0.0,3.57,69,88,82,57,32,38,94,63,94,10.63,4.88,1.75,3.65,4.1,0.0,1.7,0.0,0.0,0.0,0.0,Europa-Park Stadion (Freiburg im Breisgau),UEFA Europa League,1,0.26666666666666666,0.6666666666666666,"{'home_wins': 0, 'away_wins': 1, 'draws': 1}"
1701366300,Nov 30 2023 - 5:45pm,incomplete,Bačka Topola,West Ham United,,5.0,0.25,2.25,0.25,2.25,0,0,0,0,0,0,,,-1,-1,-1,-1,-1,-1,-1,-1,-1,-1,-1,-1,-1,-1,-1,-1,-1,-1,-1,-1,0.95,1.31,0.0,0.0,3.5,75,88,88,63,13,13,63,75,100,9.25,3.75,9.5,6.0,1.22,0.0,1.4,2.18,0.0,0.0,0.0,TSC Arena (Bačka Topola),UEFA Europa League,1,0.13333333333333333,0.4666666666666667,"{'home_wins': 0, 'away_wins': 0, 'draws': 1}"
1701366300,Nov 30 2023 - 5:45pm,incomplete,AEK Athens,Brighton & Hove Albion,,5.0,1.0,1.75,1.0,1.75,0,0,0,0,0,0,,,-1,-1,-1,-1,-1,-1,-1,-1,-1,-1,-1,-1,-1,-1,-1,-1,-1,-1,-1,-1,1.9,1.31,0.0,0.0,3.25,63,100,50,50,25,38,100,50,100,13.0,7.75,3.85,3.65,1.8,0.0,1.6,0.0,0.0,0.0,0.0,OPAP Arena (Athína (Athens)),UEFA Europa League,1,0.13333333333333333,0.26666666666666666,"{'home_wins': 0, 'away_wins': 1, 'draws': 1}"
1701366300,Nov 30 2023 - 5:45pm,incomplete,Sparta Praha,Real Betis,,5.0,1.17,2.25,1.17,2.25,0,0,0,0,0,0,,,-1,-1,-1,-1,-1,-1,-1,-1,-1,-1,-1,-1,-1,-1,-1,-1,-1,-1,-1,-1,1.82,1.67,0.0,0.0,2.92,67,67,67,38,29,54,67,38,92,12.25,4.83,2.35,3.35,2.75,0.0,1.65,0.0,0.0,0.0,0.0,epet ARENA (Praha),UEFA Europa League,1,0.5333333333333333,0.4666666666666667,"{'home_wins': 0, 'away_wins': 0, 'draws': 1}"
1701366300,Nov 30 2023 - 5:45pm,incomplete,Atalanta,Sporting CP,,5.0,2.5,1.75,2.5,1.75,0,0,0,0,0,0,,,-1,-1,-1,-1,-1,-1,-1,-1,-1,-1,-1,-1,-1,-1,-1,-1,-1,-1,-1,-1,2.09,1.22,0.0,0.0,2.63,75,88,63,13,0,38,63,38,100,13.5,4.0,2.05,3.45,3.25,0.0,1.7,0.0,0.0,0.0,0.0,Gewiss Stadium (Bergamo),UEFA Europa League,1,0.4666666666666667,0.26666666666666666,"{'home_wins': 0, 'away_wins': 1, 'draws': 1}"
1701366300,Nov 30 2023 - 5:45pm,incomplete,Sturm Graz,Raków Częstochowa,,5.0,1.0,0.25,1.0,0.25,0,0,0,0,0,0,,,-1,-1,-1,-1,-1,-1,-1,-1,-1,-1,-1,-1,-1,-1,-1,-1,-1,-1,-1,-1,1.1,0.6,0.0,0.0,2.13,50,63,38,13,0,13,63,38,75,5.75,4.25,1.8,3.6,4.1,0.0,1.85,0.0,0.0,0.0,0.0,Merkur Arena (Graz),UEFA Europa League,1,0.13333333333333333,0.13333333333333333,"{'home_wins': 0, 'away_wins': 1, 'draws': 1}"
1701366300,Nov 30 2023 - 5:45pm,incomplete,Maccabi Haifa,Rennes,,5.0,0.33,2.25,0.33,2.25,0,0,0,0,0,0,,,-1,-1,-1,-1,-1,-1,-1,-1,-1,-1,-1,-1,-1,-1,-1,-1,-1,-1,-1,-1,1.42,1.45,0.0,0.0,2.38,42,71,71,13,0,42,84,42,71,10.58,6.92,4.5,3.9,1.65,0.0,1.62,0.0,0.0,0.0,0.0,Sammy Ofer Stadium (Haifa),UEFA Europa League,1,0.13333333333333333,0.4666666666666667,"{'home_wins': 0, 'away_wins': 0, 'draws': 1}"
1701374400,Nov 30 2023 - 8:00pm,incomplete,Olympique Marseille,Ajax,,5.0,2.0,0.83,2.0,0.83,0,0,0,0,0,0,,,-1,-1,-1,-1,-1,-1,-1,-1,-1,-1,-1,-1,-1,-1,-1,-1,-1,-1,-1,-1,1.52,0.99,0.0,0.0,3.5,63,92,54,54,29,42,92,54,100,8.08,3.25,1.55,4.2,5.0,0.0,1.57,0.0,0.0,0.0,0.0,Stade Orange Vélodrome (Marseille),UEFA Europa League,1,0.3333333333333333,0.13333333333333333,"{'home_wins': 0, 'away_wins': 0, 'draws': 2}"
1701374400,Nov 30 2023 - 8:00pm,incomplete,Rangers,Aris,,5.0,1.75,1.0,1.75,1.0,0,0,0,0,0,0,,,-1,-1,-1,-1,-1,-1,-1,-1,-1,-1,-1,-1,-1,-1,-1,-1,-1,-1,-1,-1,1.73,1.1,0.0,0.0,2.96,67,67,67,25,25,29,67,54,88,8.58,4.92,1.3,5.25,8.0,0.0,1.55,0.0,0.0,0.0,0.0,Ibrox Stadium (Glasgow),UEFA Europa League,1,0.4666666666666667,0.4666666666666667,"{'home_wins': 0, 'away_wins': 0, 'draws': 1}"
1701374400,Nov 30 2023 - 8:00pm,incomplete,Liverpool,LASK Linz,,5.0,2.25,1.17,2.25,1.17,0,0,0,0,0,0,,,-1,-1,-1,-1,-1,-1,-1,-1,-1,-1,-1,-1,-1,-1,-1,-1,-1,-1,-1,-1,2.19,1.1,0.0,0.0,3.46,71,92,71,46,25,29,100,54,92,9.83,4.08,1.08,9.5,17.0,0.0,1.36,1.95,0.0,0.0,0.0,Anfield (Liverpool),UEFA Europa League,1,0.4666666666666667,0.4666666666666667,"{'home_wins': 0, 'away_wins': 1, 'draws': 1}"
1701374400,Nov 30 2023 - 8:00pm,incomplete,Toulouse,Union Saint-Gilloise,,5.0,1.75,1.67,1.75,1.67,0,0,0,0,0,0,,,-1,-1,-1,-1,-1,-1,-1,-1,-1,-1,-1,-1,-1,-1,-1,-1,-1,-1,-1,-1,1.35,1.18,0.0,0.0,2.84,54,79,42,25,25,21,100,34,79,10.08,5.17,1.9,3.85,3.35,0.0,1.7,0.0,0.0,0.0,0.0,Stadium de Toulouse (Toulouse),UEFA Europa League,1,0.4666666666666667,0.5333333333333333,"{'home_wins': 0, 'away_wins': 0, 'draws': 2}"
1701374400,Nov 30 2023 - 8:00pm,incomplete,Villarreal,Panathinaikos,,5.0,2.0,1.0,2.0,1.0,0,0,0,0,0,0,,,-1,-1,-1,-1,-1,-1,-1,-1,-1,-1,-1,-1,-1,-1,-1,-1,-1,-1,-1,-1,0.88,1.09,0.0,0.0,2.13,42,71,42,13,0,13,88,42,71,9.08,5.42,1.95,3.65,3.4,0.0,1.75,0.0,0.0,0.0,0.0,Estadio de la Cerámica (Villarreal),UEFA Europa League,1,0.3333333333333333,0.26666666666666666,"{'home_wins': 0, 'away_wins': 0, 'draws': 1}"
1701374400,Nov 30 2023 - 8:00pm,incomplete,Servette,Roma,,5.0,1.0,2.25,1.0,2.25,0,0,0,0,0,0,,,-1,-1,-1,-1,-1,-1,-1,-1,-1,-1,-1,-1,-1,-1,-1,-1,-1,-1,-1,-1,2.02,1.2,0.0,0.0,2.75,38,100,50,25,0,13,88,63,88,8.5,3.0,4.0,3.65,1.8,0.0,1.7,0.0,0.0,0.0,0.0,Stade de Genève (Lancy),UEFA Europa League,1,0.26666666666666666,0.4666666666666667,"{'home_wins': 0, 'away_wins': 0, 'draws': 1}"
1701374400,Nov 30 2023 - 8:00pm,incomplete,Sheriff,Slavia Praha,,5.0,1.13,2.0,1.13,2.0,0,0,0,0,0,0,,,-1,-1,-1,-1,-1,-1,-1,-1,-1,-1,-1,-1,-1,-1,-1,-1,-1,-1,-1,-1,1.59,1.54,0.0,0.0,3.19,57,100,57,26,19,50,82,51,94,11.63,4.51,5.0,3.75,1.6,0.0,1.8,0.0,0.0,0.0,0.0,Bolshaya Sportivnaya Arena (Tiraspol),UEFA Europa League,1,0.5333333333333333,0.8666666666666667,"{'home_wins': 0, 'away_wins': 0, 'draws': 1}"
1701374400,Nov 30 2023 - 8:00pm,incomplete,Molde,Qarabağ,,5.0,1.5,2.0,1.5,2.0,0,0,0,0,0,0,,,-1,-1,-1,-1,-1,-1,-1,-1,-1,-1,-1,-1,-1,-1,-1,-1,-1,-1,-1,-1,1.72,1.27,0.0,0.0,2.94,63,69,57,32,19,63,63,38,88,10.0,4.38,1.83,3.65,3.75,0.0,1.7,0.0,0.0,0.0,0.0,Aker Stadion (Molde),UEFA Europa League,1,0.26666666666666666,0.5333333333333333,"{'home_wins': 0, 'away_wins': 0, 'draws': 1}"
1701374400,Nov 30 2023 - 8:00pm,incomplete,Häcken,Bayer Leverkusen,,5.0,1.25,3.0,1.25,3.0,0,0,0,0,0,0,,,-1,-1,-1,-1,-1,-1,-1,-1,-1,-1,-1,-1,-1,-1,-1,-1,-1,-1,-1,-1,1.62,1.38,0.0,0.0,3.75,57,82,82,69,25,63,82,69,100,9.75,2.63,6.25,5.0,1.4,0.0,1.4,2.33,0.0,0.0,0.0,Bravida Arena (Göteborg),UEFA Europa League,1,0.3333333333333333,0.4666666666666667,"{'home_wins': 0, 'away_wins': 0, 'draws': 1}"
1701817200,Dec 05 2023 - 11:00pm,incomplete,Villarreal,Maccabi Haifa,,3.0,2.0,0.33,2.0,0.33,0,0,0,0,0,0,,,-1,-1,-1,-1,-1,-1,-1,-1,-1,-1,-1,-1,-1,-1,-1,-1,-1,-1,-1,-1,0.88,0.75,0.0,0.0,2.0,33,67,50,0,0,17,84,33,67,9.66,7.34,1.42,4.73,6.78,0.0,1.7,0.0,0.0,0.0,0.0,Estadio de la Cerámica (Villarreal),UEFA Europa League,1,0.3333333333333333,0.13333333333333333,"{'home_wins': 0, 'away_wins': 1, 'draws': 1}"
1702575900,Dec 14 2023 - 5:45pm,incomplete,Union Saint-Gilloise,Liverpool,,6.0,1.67,2.25,1.67,2.25,0,0,0,0,0,0,,,-1,-1,-1,-1,-1,-1,-1,-1,-1,-1,-1,-1,-1,-1,-1,-1,-1,-1,-1,-1,1.73,1.81,0.0,0.0,3.21,54,92,54,38,25,21,100,46,92,12.33,2.92,0.0,0.0,0.0,0.0,0.0,0.0,0.0,0.0,0.0,Stade Joseph Mariën (Bruxelles (Brussels)),UEFA Europa League,1,0.5333333333333333,0.4666666666666667,"{'home_wins': 0, 'away_wins': 0, 'draws': 1}"
1702575900,Dec 14 2023 - 5:45pm,incomplete,LASK Linz,Toulouse,,6.0,1.17,1.75,1.17,1.75,0,0,0,0,0,0,,,-1,-1,-1,-1,-1,-1,-1,-1,-1,-1,-1,-1,-1,-1,-1,-1,-1,-1,-1,-1,1.13,0.98,0.0,0.0,3.09,71,79,59,34,25,29,100,42,79,7.58,6.33,0.0,0.0,0.0,0.0,0.0,0.0,0.0,0.0,0.0,Raiffeisen Arena (Linz),UEFA Europa League,1,0.4666666666666667,0.4666666666666667,"{'home_wins': 0, 'away_wins': 0, 'draws': 1}"
1702575900,Dec 14 2023 - 5:45pm,incomplete,Rennes,Villarreal,,6.0,2.25,2.0,2.25,2.0,0,0,0,0,0,0,,,-1,-1,-1,-1,-1,-1,-1,-1,-1,-1,-1,-1,-1,-1,-1,-1,-1,-1,-1,-1,1.88,1.54,0.0,0.0,2.38,42,71,54,13,0,25,100,42,71,9.58,6.92,0.0,0.0,0.0,0.0,0.0,0.0,0.0,0.0,0.0,Roazhon Park (Rennes),UEFA Europa League,1,0.4666666666666667,0.3333333333333333,"{'home_wins': 0, 'away_wins': 0, 'draws': 1}"
1702575900,Dec 14 2023 - 5:45pm,incomplete,Panathinaikos,Maccabi Haifa,,6.0,1.0,0.33,1.0,0.33,0,0,0,0,0,0,,,-1,-1,-1,-1,-1,-1,-1,-1,-1,-1,-1,-1,-1,-1,-1,-1,-1,-1,-1,-1,1.52,0.75,0.0,0.0,2.13,42,71,59,13,0,29,71,42,71,10.08,5.42,0.0,0.0,0.0,0.0,0.0,0.0,0.0,0.0,0.0,Stadio Apóstolos Nikolaidis (Athína (Athens)),UEFA Europa League,1,0.26666666666666666,0.13333333333333333,"{'home_wins': 0, 'away_wins': 0, 'draws': 2}"
1702575900,Dec 14 2023 - 5:45pm,incomplete,Roma,Sheriff,,6.0,2.25,1.13,2.25,1.13,0,0,0,0,0,0,,,-1,-1,-1,-1,-1,-1,-1,-1,-1,-1,-1,-1,-1,-1,-1,-1,-1,-1,-1,-1,1.32,1.02,0.0,0.0,3.19,57,100,63,32,13,38,82,69,88,4.88,4.38,0.0,0.0,0.0,0.0,0.0,0.0,0.0,0.0,0.0,Stadio Olimpico (Roma),UEFA Europa League,1,0.4666666666666667,0.5333333333333333,"{'home_wins': 0, 'away_wins': 1, 'draws': 1}"
1702575900,Dec 14 2023 - 5:45pm,incomplete,Slavia Praha,Servette,,6.0,2.0,1.0,2.0,1.0,0,0,0,0,0,0,,,-1,-1,-1,-1,-1,-1,-1,-1,-1,-1,-1,-1,-1,-1,-1,-1,-1,-1,-1,-1,2.23,1.12,0.0,0.0,2.75,38,100,44,19,7,25,88,44,94,15.25,3.13,0.0,0.0,0.0,0.0,0.0,0.0,0.0,0.0,0.0,Fortuna Arena (Praha),UEFA Europa League,1,0.8666666666666667,0.26666666666666666,"{'home_wins': 0, 'away_wins': 1, 'draws': 1}"
1702575900,Dec 14 2023 - 5:45pm,incomplete,Bayer Leverkusen,Molde,,6.0,3.0,1.5,3.0,1.5,0,0,0,0,0,0,,,-1,-1,-1,-1,-1,-1,-1,-1,-1,-1,-1,-1,-1,-1,-1,-1,-1,-1,-1,-1,2.38,1.15,0.0,0.0,3.5,63,75,75,50,25,75,75,50,100,8.0,3.0,0.0,0.0,0.0,0.0,0.0,0.0,0.0,0.0,0.0,BayArena (Leverkusen),UEFA Europa League,1,0.4666666666666667,0.26666666666666666,"{'home_wins': 0, 'away_wins': 1, 'draws': 1}"
1702575900,Dec 14 2023 - 5:45pm,incomplete,Qarabağ,Häcken,,6.0,2.0,1.25,2.0,1.25,0,0,0,0,0,0,,,-1,-1,-1,-1,-1,-1,-1,-1,-1,-1,-1,-1,-1,-1,-1,-1,-1,-1,-1,-1,1.6,1.79,0.0,0.0,3.19,57,76,63,51,19,50,69,57,88,11.75,4.01,0.0,0.0,0.0,0.0,0.0,0.0,0.0,0.0,0.0,Tofiq Bəhramov adına Respublika stadionu (Bakı (Baku)),UEFA Europa League,1,0.5333333333333333,0.3333333333333333,"{'home_wins': 0, 'away_wins': 1, 'draws': 1}"
1702584000,Dec 14 2023 - 8:00pm,incomplete,West Ham United,Freiburg,,6.0,2.25,2.25,2.25,2.25,0,0,0,0,0,0,,,-1,-1,-1,-1,-1,-1,-1,-1,-1,-1,-1,-1,-1,-1,-1,-1,-1,-1,-1,-1,1.96,1.55,0.0,0.0,3.5,75,88,88,50,25,25,75,75,100,12.75,3.75,0.0,0.0,0.0,0.0,0.0,0.0,0.0,0.0,0.0,London Stadium (London),UEFA Europa League,1,0.4666666666666667,0.26666666666666666,"{'home_wins': 0, 'away_wins': 1, 'draws': 1}"
1702584000,Dec 14 2023 - 8:00pm,incomplete,Olympiakos Piraeus,Bačka Topola,,6.0,1.75,0.25,1.75,0.25,0,0,0,0,0,0,,,-1,-1,-1,-1,-1,-1,-1,-1,-1,-1,-1,-1,-1,-1,-1,-1,-1,-1,-1,-1,1.83,0.94,0.0,0.0,3.57,69,88,82,69,19,25,82,63,94,7.13,4.88,0.0,0.0,0.0,0.0,0.0,0.0,0.0,0.0,0.0,Stadio Georgios Karaiskáki (Pireás (Piraeus)),UEFA Europa League,1,0.6666666666666666,0.13333333333333333,"{'home_wins': 0, 'away_wins': 0, 'draws': 2}"
1702584000,Dec 14 2023 - 8:00pm,incomplete,Ajax,AEK Athens,,6.0,0.83,1.0,0.83,1.0,0,0,0,0,0,0,,,-1,-1,-1,-1,-1,-1,-1,-1,-1,-1,-1,-1,-1,-1,-1,-1,-1,-1,-1,-1,1.14,1.09,0.0,0.0,3.13,63,92,42,42,29,29,92,42,100,9.33,6.25,0.0,0.0,0.0,0.0,0.0,0.0,0.0,0.0,0.0,Johan Cruijff Arena (Amsterdam),UEFA Europa League,1,0.13333333333333333,0.13333333333333333,"{'home_wins': 0, 'away_wins': 0, 'draws': 2}"
1702584000,Dec 14 2023 - 8:00pm,incomplete,Brighton & Hove Albion,Olympique Marseille,,6.0,1.75,2.0,1.75,2.0,0,0,0,0,0,0,,,-1,-1,-1,-1,-1,-1,-1,-1,-1,-1,-1,-1,-1,-1,-1,-1,-1,-1,-1,-1,1.73,1.91,0.0,0.0,3.63,63,100,63,63,25,50,100,63,100,11.75,4.75,0.0,0.0,0.0,0.0,0.0,0.0,0.0,0.0,0.0,The American Express Community Stadium (Falmer- East Sussex),UEFA Europa League,1,0.26666666666666666,0.3333333333333333,"{'home_wins': 0, 'away_wins': 0, 'draws': 2}"
1702584000,Dec 14 2023 - 8:00pm,incomplete,Real Betis,Rangers,,6.0,2.25,1.75,2.25,1.75,0,0,0,0,0,0,,,-1,-1,-1,-1,-1,-1,-1,-1,-1,-1,-1,-1,-1,-1,-1,-1,-1,-1,-1,-1,1.73,1.34,0.0,0.0,2.13,50,50,50,13,13,25,50,25,88,12.5,5.25,0.0,0.0,0.0,0.0,0.0,0.0,0.0,0.0,0.0,Estadio Benito Villamarín (Sevilla),UEFA Europa League,1,0.4666666666666667,0.4666666666666667,"{'home_wins': 0, 'away_wins': 0, 'draws': 1}"
1702584000,Dec 14 2023 - 8:00pm,incomplete,Aris,Sparta Praha,,6.0,1.0,1.17,1.0,1.17,0,0,0,0,0,0,,,-1,-1,-1,-1,-1,-1,-1,-1,-1,-1,-1,-1,-1,-1,-1,-1,-1,-1,-1,-1,1.54,1.0,0.0,0.0,3.75,83,83,83,50,42,58,83,67,92,8.33,4.5,0.0,0.0,0.0,0.0,0.0,0.0,0.0,0.0,0.0,Tsirion Athlítiko Kentro (Limassol (Lemesós)),UEFA Europa League,1,0.4666666666666667,0.5333333333333333,"{'home_wins': 0, 'away_wins': 0, 'draws': 1}"
1702584000,Dec 14 2023 - 8:00pm,incomplete,Sporting CP,Sturm Graz,,6.0,1.75,1.0,1.75,1.0,0,0,0,0,0,0,,,-1,-1,-1,-1,-1,-1,-1,-1,-1,-1,-1,-1,-1,-1,-1,-1,-1,-1,-1,-1,1.57,1.25,0.0,0.0,2.5,75,75,63,13,0,25,63,38,88,9.25,4.5,0.0,0.0,0.0,0.0,0.0,0.0,0.0,0.0,0.0,Estádio José Alvalade (Lisboa),UEFA Europa League,1,0.26666666666666666,0.13333333333333333,"{'home_wins': 0, 'away_wins': 1, 'draws': 1}"
1702584000,Dec 14 2023 - 8:00pm,incomplete,Raków Częstochowa,Atalanta,,6.0,0.25,2.5,0.25,2.5,0,0,0,0,0,0,,,-1,-1,-1,-1,-1,-1,-1,-1,-1,-1,-1,-1,-1,-1,-1,-1,-1,-1,-1,-1,1.38,1.8,0.0,0.0,2.25,50,75,38,13,0,25,63,38,88,10.0,3.75,0.0,0.0,0.0,0.0,0.0,0.0,0.0,0.0,0.0,Stadion GKS-u (Bełchatów),UEFA Europa League,1,0.13333333333333333,0.4666666666666667,"{'home_wins': 0, 'away_wins': 0, 'draws': 1}"
